node_id,scope,status,before_effects,after_effects,before_all,after_all,before_any,after_any
origin,stage-1,active,{},{},[],[],[],[]
lesson.prepare,stage-1,active,"{""maxHp"":12}","{""maxHp"":12}","[""origin""]","[""origin""]",[],[]
lesson.strike,stage-1,active,"{""attack"":2}","{""damagePct"":2}","[""lesson.prepare""]","[""lesson.prepare""]",[],[]
lesson.rhythm,stage-1,active,"{""meleeDamagePct"":4}","{""meleeDamagePct"":4}","[""lesson.strike""]","[""lesson.strike""]",[],[]
lesson.care,stage-1,active,"{""healPct"":5}","{""healPct"":5}","[""lesson.prepare""]","[""lesson.prepare""]",[],[]
lesson.shelter,stage-1,active,"{""defense"":2}","{""defense"":2}","[""lesson.care""]","[""lesson.prepare""]",[],[]
path.impact,impact,active,"{""attack"":2}","{""castSpeedPct"":2}","[""lesson.rhythm""]",[],[],[]
path.reach,impact,active,"{""projectileSpeedPct"":5}","{""projectileSpeedPct"":5}","[""path.impact""]","[""path.impact""]",[],[]
path.burst,impact,active,"{""areaRadiusPct"":4}","{""areaRadiusPct"":4}","[""path.impact""]","[""path.impact""]",[],[]
path.support,support,active,"{""maxHp"":12}","{""maxHp"":12}","[""lesson.shelter""]",[],[],[]
path.ward,support,active,"{""barrierPct"":5}","{""barrierPct"":5}","[""path.support""]","[""path.support""]",[],[]
path.step,support,active,"{""moveSpeedPct"":3}","{""moveSpeedPct"":3}","[""path.support""]","[""path.support""]",[],[]
advanced.power,power,active,"{""projectileDamagePct"":5}","{""castSpeedPct"":2.5}","[""path.horizon""]",[],[],[]
advanced.precision,power,active,"{""projectileSpeedPct"":5}","{""projectileSpeedPct"":5}","[""advanced.power""]","[""advanced.power""]",[],[]
advanced.arc,power,active,"{""areaRadiusPct"":5}","{""areaRadiusPct"":5}","[""advanced.power""]","[""advanced.power""]",[],[]
advanced.guard,guard,active,"{""healPct"":5}","{""maxHp"":12}","[""path.endurance""]",[],[],[]
advanced.renew,guard,active,"{""maxHp"":12}","{""healPct"":5}","[""advanced.guard""]","[""advanced.guard""]",[],[]
advanced.endure,guard,active,"{""defense"":2}","{""defense"":2}","[""advanced.guard""]","[""advanced.guard""]",[],[]
advanced.flow,flow,active,"{""areaDamagePct"":5}","{""moveSpeedPct"":2.5}","[""path.burst"",""path.step""]",[],[],[]
advanced.echo,flow,active,"{""spellDamagePct"":5}","{""spellDamagePct"":5}","[""advanced.flow""]","[""advanced.flow""]",[],[]
advanced.dash,flow,active,"{""moveSpeedPct"":3}","{""moveSpeedPct"":3}","[""advanced.flow""]","[""advanced.flow""]",[],[]
path.precision,impact,active,"{""projectileDamagePct"":3}","{""projectileDamagePct"":3}","[""path.reach""]","[""path.reach""]",[],[]
path.horizon,impact,active,"{""projectileSpeedPct"":3}","{""projectileSpeedPct"":3}","[""path.precision""]","[""path.precision""]",[],[]
path.expansion,impact,active,"{""areaRadiusPct"":3}","{""areaRadiusPct"":3}","[""path.burst""]","[""path.burst""]",[],[]
path.recovery,support,active,"{""healPct"":3}","{""healPct"":3}","[""path.ward""]","[""path.support""]",[],[]
path.endurance,support,active,"{""defense"":2}","{""defense"":2}","[""path.recovery""]","[""path.support""]",[],[]
path.pace,support,active,"{""moveSpeedPct"":2}","{""moveSpeedPct"":2}","[""path.step""]","[""path.step""]",[],[]
advanced.focus,power,active,"{""projectileDamagePct"":3}","{""projectileDamagePct"":3}","[""advanced.precision""]","[""advanced.precision""]",[],[]
advanced.finality,power,active,"{""projectileSpeedPct"":3}","{""projectileSpeedPct"":3}","[""advanced.focus""]","[""advanced.focus""]",[],[]
advanced.wave,power,active,"{""areaDamagePct"":3}","{""areaDamagePct"":3}","[""advanced.arc""]","[""advanced.arc""]",[],[]
advanced.restore,guard,active,"{""healPct"":3}","{""healPct"":3}","[""advanced.renew""]","[""advanced.renew""]",[],[]
advanced.fortify,guard,active,"{""barrierPct"":3}","{""barrierPct"":3}","[""advanced.endure""]","[""advanced.endure""]",[],[]
advanced.longwalk,guard,active,"{""defense"":2}","{""defense"":2}","[""advanced.fortify""]","[""advanced.endure""]",[],[]
advanced.resonance,flow,active,"{""spellDamagePct"":3}","{""spellDamagePct"":3}","[""advanced.echo""]","[""advanced.echo""]",[],[]
advanced.momentum,flow,active,"{""moveSpeedPct"":2}","{""moveSpeedPct"":2}","[""advanced.dash""]","[""advanced.dash""]",[],[]
advanced.continuum,flow,active,"{""areaDamagePct"":3}","{""moveSpeedPct"":1.5}","[""advanced.resonance"",""advanced.momentum""]",[],[],"[""advanced.resonance"",""advanced.momentum""]"
line.physical.2.entry,view.physical.2,active,"{""attackDamagePct"":3}","{""castSpeedPct"":1.2}","[""lesson.rhythm""]",[],[],[]
line.physical.2.a1,view.physical.2,active,"{""attackDamagePct"":3}","{""attackDamagePct"":3}","[""line.physical.2.entry""]","[""line.physical.2.entry""]",[],[]
line.physical.2.a2,view.physical.2,active,"{""attackDamagePct"":3}","{""attackDamagePct"":3}","[""line.physical.2.a1""]","[""line.physical.2.a1""]",[],[]
line.physical.2.b1,view.physical.2,active,"{""penetrationPct"":1.85}","{""penetrationPct"":1.85}","[""line.physical.2.entry""]","[""line.physical.2.entry""]",[],[]
line.physical.2.b2,view.physical.2,active,"{""penetrationPct"":1.85}","{""penetrationPct"":1.85}","[""line.physical.2.b1""]","[""line.physical.2.b1""]",[],[]
line.physical.2.join,view.physical.2,active,"{""penetrationPct"":1.85}","{""penetrationPct"":1.85}",[],[],"[""line.physical.2.a2"",""line.physical.2.b2"",""bridge.physical-damage.2""]","[""line.physical.2.a2"",""line.physical.2.b2""]"
line.damage.2.entry,view.damage.2,active,"{""attack"":0.9,""magic"":0.55}","{""castSpeedPct"":1.2}","[""lesson.rhythm""]",[],[],[]
line.damage.2.a1,view.damage.2,active,"{""attack"":0.9,""magic"":0.55}","{""attack"":0.9,""magic"":0.55}","[""line.damage.2.entry""]","[""line.damage.2.entry""]",[],[]
line.damage.2.a2,view.damage.2,active,"{""attack"":0.9,""magic"":0.55}","{""attack"":0.9,""magic"":0.55}","[""line.damage.2.a1""]","[""line.damage.2.a1""]",[],[]
line.damage.2.b1,view.damage.2,active,"{""damagePct"":3}","{""damagePct"":3}","[""line.damage.2.entry""]","[""line.damage.2.entry""]",[],[]
line.damage.2.b2,view.damage.2,active,"{""damagePct"":3}","{""damagePct"":3}","[""line.damage.2.b1""]","[""line.damage.2.b1""]",[],[]
line.damage.2.join,view.damage.2,active,"{""damagePct"":3}","{""damagePct"":3}",[],[],"[""line.damage.2.a2"",""line.damage.2.b2"",""bridge.physical-damage.2"",""bridge.damage-crit.2""]","[""line.damage.2.a2"",""line.damage.2.b2""]"
line.crit.2.entry,view.crit.2,active,"{""critChancePct"":1.4}","{""critChancePct"":1.4}","[""lesson.rhythm""]",[],[],[]
line.crit.2.a1,view.crit.2,active,"{""critChancePct"":1.4}","{""critChancePct"":1.4}","[""line.crit.2.entry""]","[""line.crit.2.entry""]",[],[]
line.crit.2.a2,view.crit.2,active,"{""critChancePct"":1.4}","{""critChancePct"":1.4}","[""line.crit.2.a1""]","[""line.crit.2.a1""]",[],[]
line.crit.2.b1,view.crit.2,active,"{""critMultPct"":5.5}","{""critMultPct"":5.5}","[""line.crit.2.entry""]","[""line.crit.2.entry""]",[],[]
line.crit.2.b2,view.crit.2,active,"{""critMultPct"":5.5}","{""critMultPct"":5.5}","[""line.crit.2.b1""]","[""line.crit.2.b1""]",[],[]
line.crit.2.join,view.crit.2,active,"{""critMultPct"":5.5}","{""critMultPct"":5.5}",[],[],"[""line.crit.2.a2"",""line.crit.2.b2"",""bridge.damage-crit.2""]","[""line.crit.2.a2"",""line.crit.2.b2""]"
line.element.2.entry,view.element.2,active,"{""elementalDamagePct"":3.6}","{""damagePct"":3.6}","[""lesson.shelter""]",[],[],[]
line.element.2.a1,view.element.2,active,"{""elementalDamagePct"":3.6}","{""elementalDamagePct"":3.6}","[""line.element.2.entry""]","[""line.element.2.entry""]",[],[]
line.element.2.a2,view.element.2,active,"{""elementalDamagePct"":3.6}","{""elementalDamagePct"":3.6}","[""line.element.2.a1""]","[""line.element.2.a1""]",[],[]
line.element.2.b1,view.element.2,active,"{""elementalDamagePct"":1.8,""poisonChancePct"":2}","{""elementalDamagePct"":1.8,""poisonChancePct"":2}","[""line.element.2.entry""]","[""line.element.2.entry""]",[],[]
line.element.2.b2,view.element.2,active,"{""elementalDamagePct"":1.8,""poisonChancePct"":2}","{""elementalDamagePct"":1.8,""poisonChancePct"":2}","[""line.element.2.b1""]","[""line.element.2.b1""]",[],[]
line.element.2.join,view.element.2,active,"{""elementalDamagePct"":1.8,""poisonChancePct"":2}","{""elementalDamagePct"":1.8,""poisonChancePct"":2}",[],[],"[""line.element.2.a2"",""line.element.2.b2"",""bridge.element-mana.2""]","[""line.element.2.a2"",""line.element.2.b2""]"
line.mana.2.entry,view.mana.2,active,"{""maxMp"":8,""mpRegenPct"":4}","{""maxMp"":8,""mpRegenPct"":4}","[""lesson.shelter""]",[],[],[]
line.mana.2.a1,view.mana.2,active,"{""maxMp"":8,""mpRegenPct"":4}","{""maxMp"":8,""mpRegenPct"":4}","[""line.mana.2.entry""]","[""line.mana.2.entry""]",[],[]
line.mana.2.a2,view.mana.2,active,"{""maxMp"":8,""mpRegenPct"":4}","{""maxMp"":8,""mpRegenPct"":4}","[""line.mana.2.a1""]","[""line.mana.2.a1""]",[],[]
line.mana.2.b1,view.mana.2,active,"{""manaCostReductionPct"":1.5}","{""manaCostReductionPct"":1.5}","[""line.mana.2.entry""]","[""line.mana.2.entry""]",[],[]
line.mana.2.b2,view.mana.2,active,"{""manaCostReductionPct"":1.5}","{""manaCostReductionPct"":1.5}","[""line.mana.2.b1""]","[""line.mana.2.b1""]",[],[]
line.mana.2.join,view.mana.2,active,"{""manaCostReductionPct"":1.5}","{""manaCostReductionPct"":1.5}",[],[],"[""line.mana.2.a2"",""line.mana.2.b2"",""bridge.element-mana.2"",""bridge.mana-speed.2""]","[""line.mana.2.a2"",""line.mana.2.b2""]"
line.speed.2.entry,view.speed.2,active,"{""castSpeedPct"":1.6}","{""castSpeedPct"":1.6,""movementRechargePct"":0.5}","[""lesson.rhythm""]",[],[],[]
line.speed.2.a1,view.speed.2,active,"{""castSpeedPct"":1.6}","{""castSpeedPct"":1.6}","[""line.speed.2.entry""]","[""line.speed.2.entry""]",[],[]
line.speed.2.a2,view.speed.2,active,"{""castSpeedPct"":1.6}","{""castSpeedPct"":1.6}","[""line.speed.2.a1""]","[""line.speed.2.a1""]",[],[]
line.speed.2.b1,view.speed.2,active,"{""cooldownPct"":1}","{""cooldownPct"":1}","[""line.speed.2.entry""]","[""line.speed.2.entry""]",[],[]
line.speed.2.b2,view.speed.2,active,"{""cooldownPct"":1}","{""cooldownPct"":1}","[""line.speed.2.b1""]","[""line.speed.2.b1""]",[],[]
line.speed.2.join,view.speed.2,active,"{""cooldownPct"":1}","{""cooldownPct"":1}",[],[],"[""line.speed.2.a2"",""line.speed.2.b2"",""bridge.mana-speed.2""]","[""line.speed.2.a2"",""line.speed.2.b2""]"
line.guardian.2.entry,view.guardian.2,active,"{""maxHp"":10,""defense"":1.5}","{""maxHp"":10,""defense"":1.5}","[""lesson.shelter""]",[],[],[]
line.guardian.2.a1,view.guardian.2,active,"{""maxHp"":10,""defense"":1.5}","{""maxHp"":10,""defense"":1.5}","[""line.guardian.2.entry""]","[""line.guardian.2.entry""]",[],[]
line.guardian.2.a2,view.guardian.2,active,"{""maxHp"":10,""defense"":1.5}","{""maxHp"":10,""defense"":1.5}","[""line.guardian.2.a1""]","[""line.guardian.2.a1""]",[],[]
line.guardian.2.b1,view.guardian.2,active,"{""blockChancePct"":1,""meleeDamagePct"":2}","{""blockChancePct"":1,""meleeDamagePct"":2}","[""line.guardian.2.entry""]","[""line.guardian.2.entry""]",[],[]
line.guardian.2.b2,view.guardian.2,active,"{""blockChancePct"":1,""meleeDamagePct"":2}","{""blockChancePct"":1,""meleeDamagePct"":2}","[""line.guardian.2.b1""]","[""line.guardian.2.b1""]",[],[]
line.guardian.2.join,view.guardian.2,active,"{""blockChancePct"":1,""meleeDamagePct"":2}","{""blockChancePct"":1,""meleeDamagePct"":2}",[],[],"[""line.guardian.2.a2"",""line.guardian.2.b2"",""bridge.guardian-agility.2""]","[""line.guardian.2.a2"",""line.guardian.2.b2""]"
line.agility.2.entry,view.agility.2,active,"{""moveSpeedPct"":1.2}","{""moveSpeedPct"":1.2}","[""lesson.shelter""]",[],[],[]
line.agility.2.a1,view.agility.2,active,"{""moveSpeedPct"":1.2}","{""moveSpeedPct"":1.2}","[""line.agility.2.entry""]","[""line.agility.2.entry""]",[],[]
line.agility.2.a2,view.agility.2,active,"{""moveSpeedPct"":1.2}","{""moveSpeedPct"":1.2}","[""line.agility.2.a1""]","[""line.agility.2.a1""]",[],[]
line.agility.2.b1,view.agility.2,active,"{""movementRechargePct"":1.6,""hpRegen"":0.1}","{""movementRechargePct"":1.6,""hpRegen"":0.1}","[""line.agility.2.entry""]","[""line.agility.2.entry""]",[],[]
line.agility.2.b2,view.agility.2,active,"{""movementRechargePct"":1.6,""hpRegen"":0.1}","{""movementRechargePct"":1.6,""hpRegen"":0.1}","[""line.agility.2.b1""]","[""line.agility.2.b1""]",[],[]
line.agility.2.join,view.agility.2,active,"{""movementRechargePct"":1.6,""hpRegen"":0.1}","{""movementRechargePct"":1.6,""hpRegen"":0.1}",[],[],"[""line.agility.2.a2"",""line.agility.2.b2"",""bridge.guardian-agility.2"",""bridge.agility-treasure.2""]","[""line.agility.2.a2"",""line.agility.2.b2""]"
line.treasure.2.entry,view.treasure.2,active,"{""materialFindPct"":1.4,""projectileDamagePct"":1}","{""materialFindPct"":1.4}","[""lesson.rhythm""]",[],[],[]
line.treasure.2.a1,view.treasure.2,active,"{""materialFindPct"":1.4,""projectileDamagePct"":1}","{""materialFindPct"":1.4}","[""line.treasure.2.entry""]","[""line.treasure.2.entry""]",[],[]
line.treasure.2.a2,view.treasure.2,active,"{""materialFindPct"":1.4,""projectileDamagePct"":1}","{""materialFindPct"":1.4}","[""line.treasure.2.a1""]","[""line.treasure.2.a1""]",[],[]
line.treasure.2.b1,view.treasure.2,active,"{""goldFindPct"":2,""gearFindPct"":1.4}","{""goldFindPct"":2,""gearFindPct"":1.4}","[""line.treasure.2.entry""]","[""line.treasure.2.entry""]",[],[]
line.treasure.2.b2,view.treasure.2,active,"{""goldFindPct"":2,""gearFindPct"":1.4}","{""goldFindPct"":2,""gearFindPct"":1.4}","[""line.treasure.2.b1""]","[""line.treasure.2.b1""]",[],[]
line.treasure.2.join,view.treasure.2,active,"{""goldFindPct"":2,""gearFindPct"":1.4}","{""goldFindPct"":2,""gearFindPct"":1.4}",[],[],"[""line.treasure.2.a2"",""line.treasure.2.b2"",""bridge.agility-treasure.2""]","[""line.treasure.2.a2"",""line.treasure.2.b2""]"
bridge.physical-damage.2,retired bridge,refund once,"{""attackDamagePct"":1.5,""attack"":0.45,""magic"":0.28}","{""attackDamagePct"":1.5,""attack"":0.45,""magic"":0.28}",[],[],"[""line.physical.2.entry"",""line.damage.2.entry""]","[""line.physical.2.entry"",""line.damage.2.entry""]"
bridge.damage-crit.2,retired bridge,refund once,"{""attack"":0.45,""magic"":0.28,""critChancePct"":0.7}","{""attack"":0.45,""magic"":0.28,""critChancePct"":0.7}",[],[],"[""line.damage.2.entry"",""line.crit.2.entry""]","[""line.damage.2.entry"",""line.crit.2.entry""]"
bridge.element-mana.2,retired bridge,refund once,"{""elementalDamagePct"":1.8,""maxMp"":4,""mpRegenPct"":2}","{""elementalDamagePct"":1.8,""maxMp"":4,""mpRegenPct"":2}",[],[],"[""line.element.2.entry"",""line.mana.2.entry""]","[""line.element.2.entry"",""line.mana.2.entry""]"
bridge.mana-speed.2,retired bridge,refund once,"{""maxMp"":4,""mpRegenPct"":2,""castSpeedPct"":0.8}","{""maxMp"":4,""mpRegenPct"":2,""castSpeedPct"":0.8}",[],[],"[""line.mana.2.entry"",""line.speed.2.entry""]","[""line.mana.2.entry"",""line.speed.2.entry""]"
bridge.guardian-agility.2,retired bridge,refund once,"{""maxHp"":5,""defense"":0.75,""moveSpeedPct"":0.6}","{""maxHp"":5,""defense"":0.75,""moveSpeedPct"":0.6}",[],[],"[""line.guardian.2.entry"",""line.agility.2.entry""]","[""line.guardian.2.entry"",""line.agility.2.entry""]"
bridge.agility-treasure.2,retired bridge,refund once,"{""moveSpeedPct"":0.6,""materialFindPct"":0.7,""projectileDamagePct"":0.5}","{""moveSpeedPct"":0.6,""materialFindPct"":0.7,""projectileDamagePct"":0.5}",[],[],"[""line.agility.2.entry"",""line.treasure.2.entry""]","[""line.agility.2.entry"",""line.treasure.2.entry""]"
line.physical.3.entry,view.physical.3,active,"{""attackDamagePct"":3.75}","{""castSpeedPct"":1.5}","[""line.physical.2.join""]",[],[],[]
line.physical.3.a1,view.physical.3,active,"{""attackDamagePct"":3.75}","{""attackDamagePct"":3.75}","[""line.physical.3.entry""]","[""line.physical.3.entry""]",[],[]
line.physical.3.a2,view.physical.3,active,"{""attackDamagePct"":3.75}","{""attackDamagePct"":3.75}","[""line.physical.3.a1""]","[""line.physical.3.a1""]",[],[]
line.physical.3.a3,view.physical.3,active,"{""attackDamagePct"":3.75}","{""attackDamagePct"":3.75}","[""line.physical.3.a2""]","[""line.physical.3.a2""]",[],[]
line.physical.3.b1,view.physical.3,active,"{""penetrationPct"":2.31}","{""penetrationPct"":2.31}","[""line.physical.3.entry""]","[""line.physical.3.entry""]",[],[]
line.physical.3.b2,view.physical.3,active,"{""penetrationPct"":2.31}","{""penetrationPct"":2.31}","[""line.physical.3.b1""]","[""line.physical.3.b1""]",[],[]
line.physical.3.b3,view.physical.3,active,"{""penetrationPct"":2.31}","{""penetrationPct"":2.31}","[""line.physical.3.b2""]","[""line.physical.3.b2""]",[],[]
line.physical.3.join,view.physical.3,active,"{""penetrationPct"":2.31}","{""penetrationPct"":2.31}",[],[],"[""line.physical.3.a3"",""line.physical.3.b3"",""bridge.physical-damage.3"",""bridge.physical-guardian.3""]","[""line.physical.3.a3"",""line.physical.3.b3""]"
line.damage.3.entry,view.damage.3,active,"{""attack"":1.13,""magic"":0.69}","{""castSpeedPct"":1.5}","[""line.damage.2.join""]",[],[],[]
line.damage.3.a1,view.damage.3,active,"{""attack"":1.13,""magic"":0.69}","{""attack"":1.13,""magic"":0.69}","[""line.damage.3.entry""]","[""line.damage.3.entry""]",[],[]
line.damage.3.a2,view.damage.3,active,"{""attack"":1.13,""magic"":0.69}","{""attack"":1.13,""magic"":0.69}","[""line.damage.3.a1""]","[""line.damage.3.a1""]",[],[]
line.damage.3.a3,view.damage.3,active,"{""attack"":1.13,""magic"":0.69}","{""attack"":1.13,""magic"":0.69}","[""line.damage.3.a2""]","[""line.damage.3.a2""]",[],[]
line.damage.3.b1,view.damage.3,active,"{""damagePct"":3.75}","{""damagePct"":3.75}","[""line.damage.3.entry""]","[""line.damage.3.entry""]",[],[]
line.damage.3.b2,view.damage.3,active,"{""damagePct"":3.75}","{""damagePct"":3.75}","[""line.damage.3.b1""]","[""line.damage.3.b1""]",[],[]
line.damage.3.b3,view.damage.3,active,"{""damagePct"":3.75}","{""damagePct"":3.75}","[""line.damage.3.b2""]","[""line.damage.3.b2""]",[],[]
line.damage.3.join,view.damage.3,active,"{""damagePct"":3.75}","{""damagePct"":3.75}",[],[],"[""line.damage.3.a3"",""line.damage.3.b3"",""bridge.physical-damage.3"",""bridge.damage-crit.3""]","[""line.damage.3.a3"",""line.damage.3.b3""]"
line.crit.3.entry,view.crit.3,active,"{""critChancePct"":1.75}","{""critChancePct"":1.75}","[""line.crit.2.join""]",[],[],[]
line.crit.3.a1,view.crit.3,active,"{""critChancePct"":1.75}","{""critChancePct"":1.75}","[""line.crit.3.entry""]","[""line.crit.3.entry""]",[],[]
line.crit.3.a2,view.crit.3,active,"{""critChancePct"":1.75}","{""critChancePct"":1.75}","[""line.crit.3.a1""]","[""line.crit.3.a1""]",[],[]
line.crit.3.a3,view.crit.3,active,"{""critChancePct"":1.75}","{""critChancePct"":1.75}","[""line.crit.3.a2""]","[""line.crit.3.a2""]",[],[]
line.crit.3.b1,view.crit.3,active,"{""critMultPct"":6.88}","{""critMultPct"":6.88}","[""line.crit.3.entry""]","[""line.crit.3.entry""]",[],[]
line.crit.3.b2,view.crit.3,active,"{""critMultPct"":6.88}","{""critMultPct"":6.88}","[""line.crit.3.b1""]","[""line.crit.3.b1""]",[],[]
line.crit.3.b3,view.crit.3,active,"{""critMultPct"":6.88}","{""critMultPct"":6.88}","[""line.crit.3.b2""]","[""line.crit.3.b2""]",[],[]
line.crit.3.join,view.crit.3,active,"{""critMultPct"":6.88}","{""critMultPct"":6.88}",[],[],"[""line.crit.3.a3"",""line.crit.3.b3"",""bridge.damage-crit.3"",""bridge.crit-treasure.3""]","[""line.crit.3.a3"",""line.crit.3.b3""]"
line.element.3.entry,view.element.3,active,"{""elementalDamagePct"":4.5}","{""damagePct"":4.5}","[""line.element.2.join""]",[],[],[]
line.element.3.a1,view.element.3,active,"{""elementalDamagePct"":4.5}","{""elementalDamagePct"":4.5}","[""line.element.3.entry""]","[""line.element.3.entry""]",[],[]
line.element.3.a2,view.element.3,active,"{""elementalDamagePct"":4.5}","{""elementalDamagePct"":4.5}","[""line.element.3.a1""]","[""line.element.3.a1""]",[],[]
line.element.3.a3,view.element.3,active,"{""elementalDamagePct"":4.5}","{""elementalDamagePct"":4.5}","[""line.element.3.a2""]","[""line.element.3.a2""]",[],[]
line.element.3.b1,view.element.3,active,"{""elementalDamagePct"":2.25,""poisonChancePct"":2.5}","{""elementalDamagePct"":2.25,""poisonChancePct"":2.5}","[""line.element.3.entry""]","[""line.element.3.entry""]",[],[]
line.element.3.b2,view.element.3,active,"{""elementalDamagePct"":2.25,""poisonChancePct"":2.5}","{""elementalDamagePct"":2.25,""poisonChancePct"":2.5}","[""line.element.3.b1""]","[""line.element.3.b1""]",[],[]
line.element.3.b3,view.element.3,active,"{""elementalDamagePct"":2.25,""poisonChancePct"":2.5}","{""elementalDamagePct"":2.25,""poisonChancePct"":2.5}","[""line.element.3.b2""]","[""line.element.3.b2""]",[],[]
line.element.3.join,view.element.3,active,"{""elementalDamagePct"":2.25,""poisonChancePct"":2.5}","{""elementalDamagePct"":2.25,""poisonChancePct"":2.5}",[],[],"[""line.element.3.a3"",""line.element.3.b3"",""bridge.element-mana.3""]","[""line.element.3.a3"",""line.element.3.b3""]"
line.mana.3.entry,view.mana.3,active,"{""maxMp"":10,""mpRegenPct"":5}","{""maxMp"":10,""mpRegenPct"":5}","[""line.mana.2.join""]",[],[],[]
line.mana.3.a1,view.mana.3,active,"{""maxMp"":10,""mpRegenPct"":5}","{""maxMp"":10,""mpRegenPct"":5}","[""line.mana.3.entry""]","[""line.mana.3.entry""]",[],[]
line.mana.3.a2,view.mana.3,active,"{""maxMp"":10,""mpRegenPct"":5}","{""maxMp"":10,""mpRegenPct"":5}","[""line.mana.3.a1""]","[""line.mana.3.a1""]",[],[]
line.mana.3.a3,view.mana.3,active,"{""maxMp"":10,""mpRegenPct"":5}","{""maxMp"":10,""mpRegenPct"":5}","[""line.mana.3.a2""]","[""line.mana.3.a2""]",[],[]
line.mana.3.b1,view.mana.3,active,"{""manaCostReductionPct"":1.88}","{""manaCostReductionPct"":1.88}","[""line.mana.3.entry""]","[""line.mana.3.entry""]",[],[]
line.mana.3.b2,view.mana.3,active,"{""manaCostReductionPct"":1.88}","{""manaCostReductionPct"":1.88}","[""line.mana.3.b1""]","[""line.mana.3.b1""]",[],[]
line.mana.3.b3,view.mana.3,active,"{""manaCostReductionPct"":1.88}","{""manaCostReductionPct"":1.88}","[""line.mana.3.b2""]","[""line.mana.3.b2""]",[],[]
line.mana.3.join,view.mana.3,active,"{""manaCostReductionPct"":1.88}","{""manaCostReductionPct"":1.88}",[],[],"[""line.mana.3.a3"",""line.mana.3.b3"",""bridge.element-mana.3"",""bridge.mana-speed.3""]","[""line.mana.3.a3"",""line.mana.3.b3""]"
line.speed.3.entry,view.speed.3,active,"{""castSpeedPct"":2}","{""castSpeedPct"":2,""movementRechargePct"":0.63}","[""line.speed.2.join""]",[],[],[]
line.speed.3.a1,view.speed.3,active,"{""castSpeedPct"":2}","{""castSpeedPct"":2}","[""line.speed.3.entry""]","[""line.speed.3.entry""]",[],[]
line.speed.3.a2,view.speed.3,active,"{""castSpeedPct"":2}","{""castSpeedPct"":2}","[""line.speed.3.a1""]","[""line.speed.3.a1""]",[],[]
line.speed.3.a3,view.speed.3,active,"{""castSpeedPct"":2}","{""castSpeedPct"":2}","[""line.speed.3.a2""]","[""line.speed.3.a2""]",[],[]
line.speed.3.b1,view.speed.3,active,"{""cooldownPct"":1.25}","{""cooldownPct"":1.25}","[""line.speed.3.entry""]","[""line.speed.3.entry""]",[],[]
line.speed.3.b2,view.speed.3,active,"{""cooldownPct"":1.25}","{""cooldownPct"":1.25}","[""line.speed.3.b1""]","[""line.speed.3.b1""]",[],[]
line.speed.3.b3,view.speed.3,active,"{""cooldownPct"":1.25}","{""cooldownPct"":1.25}","[""line.speed.3.b2""]","[""line.speed.3.b2""]",[],[]
line.speed.3.join,view.speed.3,active,"{""cooldownPct"":1.25}","{""cooldownPct"":1.25}",[],[],"[""line.speed.3.a3"",""line.speed.3.b3"",""bridge.mana-speed.3"",""bridge.speed-agility.3""]","[""line.speed.3.a3"",""line.speed.3.b3""]"
line.guardian.3.entry,view.guardian.3,active,"{""maxHp"":12.5,""defense"":1.88}","{""maxHp"":12.5,""defense"":1.88}","[""line.guardian.2.join""]",[],[],[]
line.guardian.3.a1,view.guardian.3,active,"{""maxHp"":12.5,""defense"":1.88}","{""maxHp"":12.5,""defense"":1.88}","[""line.guardian.3.entry""]","[""line.guardian.3.entry""]",[],[]
line.guardian.3.a2,view.guardian.3,active,"{""maxHp"":12.5,""defense"":1.88}","{""maxHp"":12.5,""defense"":1.88}","[""line.guardian.3.a1""]","[""line.guardian.3.a1""]",[],[]
line.guardian.3.a3,view.guardian.3,active,"{""maxHp"":12.5,""defense"":1.88}","{""maxHp"":12.5,""defense"":1.88}","[""line.guardian.3.a2""]","[""line.guardian.3.a2""]",[],[]
line.guardian.3.b1,view.guardian.3,active,"{""blockChancePct"":1.25,""meleeDamagePct"":2.5}","{""blockChancePct"":1.25,""meleeDamagePct"":2.5}","[""line.guardian.3.entry""]","[""line.guardian.3.entry""]",[],[]
line.guardian.3.b2,view.guardian.3,active,"{""blockChancePct"":1.25,""meleeDamagePct"":2.5}","{""blockChancePct"":1.25,""meleeDamagePct"":2.5}","[""line.guardian.3.b1""]","[""line.guardian.3.b1""]",[],[]
line.guardian.3.b3,view.guardian.3,active,"{""blockChancePct"":1.25,""meleeDamagePct"":2.5}","{""blockChancePct"":1.25,""meleeDamagePct"":2.5}","[""line.guardian.3.b2""]","[""line.guardian.3.b2""]",[],[]
line.guardian.3.join,view.guardian.3,active,"{""blockChancePct"":1.25,""meleeDamagePct"":2.5}","{""blockChancePct"":1.25,""meleeDamagePct"":2.5}",[],[],"[""line.guardian.3.a3"",""line.guardian.3.b3"",""bridge.guardian-agility.3"",""bridge.physical-guardian.3""]","[""line.guardian.3.a3"",""line.guardian.3.b3""]"
line.agility.3.entry,view.agility.3,active,"{""moveSpeedPct"":1.5}","{""moveSpeedPct"":1.5}","[""line.agility.2.join""]",[],[],[]
line.agility.3.a1,view.agility.3,active,"{""moveSpeedPct"":1.5}","{""moveSpeedPct"":1.5}","[""line.agility.3.entry""]","[""line.agility.3.entry""]",[],[]
line.agility.3.a2,view.agility.3,active,"{""moveSpeedPct"":1.5}","{""moveSpeedPct"":1.5}","[""line.agility.3.a1""]","[""line.agility.3.a1""]",[],[]
line.agility.3.a3,view.agility.3,active,"{""moveSpeedPct"":1.5}","{""moveSpeedPct"":1.5}","[""line.agility.3.a2""]","[""line.agility.3.a2""]",[],[]
line.agility.3.b1,view.agility.3,active,"{""movementRechargePct"":2,""hpRegen"":0.13}","{""movementRechargePct"":2,""hpRegen"":0.13}","[""line.agility.3.entry""]","[""line.agility.3.entry""]",[],[]
line.agility.3.b2,view.agility.3,active,"{""movementRechargePct"":2,""hpRegen"":0.13}","{""movementRechargePct"":2,""hpRegen"":0.13}","[""line.agility.3.b1""]","[""line.agility.3.b1""]",[],[]
line.agility.3.b3,view.agility.3,active,"{""movementRechargePct"":2,""hpRegen"":0.13}","{""movementRechargePct"":2,""hpRegen"":0.13}","[""line.agility.3.b2""]","[""line.agility.3.b2""]",[],[]
line.agility.3.join,view.agility.3,active,"{""movementRechargePct"":2,""hpRegen"":0.13}","{""movementRechargePct"":2,""hpRegen"":0.13}",[],[],"[""line.agility.3.a3"",""line.agility.3.b3"",""bridge.guardian-agility.3"",""bridge.agility-treasure.3"",""bridge.speed-agility.3""]","[""line.agility.3.a3"",""line.agility.3.b3""]"
line.treasure.3.entry,view.treasure.3,active,"{""materialFindPct"":1.75,""projectileDamagePct"":1.25}","{""materialFindPct"":1.75}","[""line.treasure.2.join""]",[],[],[]
line.treasure.3.a1,view.treasure.3,active,"{""materialFindPct"":1.75,""projectileDamagePct"":1.25}","{""materialFindPct"":1.75}","[""line.treasure.3.entry""]","[""line.treasure.3.entry""]",[],[]
line.treasure.3.a2,view.treasure.3,active,"{""materialFindPct"":1.75,""projectileDamagePct"":1.25}","{""materialFindPct"":1.75}","[""line.treasure.3.a1""]","[""line.treasure.3.a1""]",[],[]
line.treasure.3.a3,view.treasure.3,active,"{""materialFindPct"":1.75,""projectileDamagePct"":1.25}","{""materialFindPct"":1.75}","[""line.treasure.3.a2""]","[""line.treasure.3.a2""]",[],[]
line.treasure.3.b1,view.treasure.3,active,"{""goldFindPct"":2.5,""gearFindPct"":1.75}","{""goldFindPct"":2.5,""gearFindPct"":1.75}","[""line.treasure.3.entry""]","[""line.treasure.3.entry""]",[],[]
line.treasure.3.b2,view.treasure.3,active,"{""goldFindPct"":2.5,""gearFindPct"":1.75}","{""goldFindPct"":2.5,""gearFindPct"":1.75}","[""line.treasure.3.b1""]","[""line.treasure.3.b1""]",[],[]
line.treasure.3.b3,view.treasure.3,active,"{""goldFindPct"":2.5,""gearFindPct"":1.75}","{""goldFindPct"":2.5,""gearFindPct"":1.75}","[""line.treasure.3.b2""]","[""line.treasure.3.b2""]",[],[]
line.treasure.3.join,view.treasure.3,active,"{""goldFindPct"":2.5,""gearFindPct"":1.75}","{""goldFindPct"":2.5,""gearFindPct"":1.75}",[],[],"[""line.treasure.3.a3"",""line.treasure.3.b3"",""bridge.agility-treasure.3"",""bridge.crit-treasure.3""]","[""line.treasure.3.a3"",""line.treasure.3.b3""]"
bridge.physical-damage.3,retired bridge,refund once,"{""attackDamagePct"":1.88,""attack"":0.56,""magic"":0.34}","{""attackDamagePct"":1.88,""attack"":0.56,""magic"":0.34}",[],[],"[""line.physical.3.entry"",""line.damage.3.entry""]","[""line.physical.3.entry"",""line.damage.3.entry""]"
bridge.damage-crit.3,retired bridge,refund once,"{""attack"":0.56,""magic"":0.34,""critChancePct"":0.88}","{""attack"":0.56,""magic"":0.34,""critChancePct"":0.88}",[],[],"[""line.damage.3.entry"",""line.crit.3.entry""]","[""line.damage.3.entry"",""line.crit.3.entry""]"
bridge.element-mana.3,retired bridge,refund once,"{""elementalDamagePct"":2.25,""maxMp"":5,""mpRegenPct"":2.5}","{""elementalDamagePct"":2.25,""maxMp"":5,""mpRegenPct"":2.5}",[],[],"[""line.element.3.entry"",""line.mana.3.entry""]","[""line.element.3.entry"",""line.mana.3.entry""]"
bridge.mana-speed.3,retired bridge,refund once,"{""maxMp"":5,""mpRegenPct"":2.5,""castSpeedPct"":1}","{""maxMp"":5,""mpRegenPct"":2.5,""castSpeedPct"":1}",[],[],"[""line.mana.3.entry"",""line.speed.3.entry""]","[""line.mana.3.entry"",""line.speed.3.entry""]"
bridge.guardian-agility.3,retired bridge,refund once,"{""maxHp"":6.25,""defense"":0.94,""moveSpeedPct"":0.75}","{""maxHp"":6.25,""defense"":0.94,""moveSpeedPct"":0.75}",[],[],"[""line.guardian.3.entry"",""line.agility.3.entry""]","[""line.guardian.3.entry"",""line.agility.3.entry""]"
bridge.agility-treasure.3,retired bridge,refund once,"{""moveSpeedPct"":0.75,""materialFindPct"":0.88,""projectileDamagePct"":0.63}","{""moveSpeedPct"":0.75,""materialFindPct"":0.88,""projectileDamagePct"":0.63}",[],[],"[""line.agility.3.entry"",""line.treasure.3.entry""]","[""line.agility.3.entry"",""line.treasure.3.entry""]"
bridge.crit-treasure.3,retired bridge,refund once,"{""critChancePct"":0.88,""materialFindPct"":0.88,""projectileDamagePct"":0.63}","{""critChancePct"":0.88,""materialFindPct"":0.88,""projectileDamagePct"":0.63}",[],[],"[""line.crit.3.entry"",""line.treasure.3.entry""]","[""line.crit.3.entry"",""line.treasure.3.entry""]"
bridge.speed-agility.3,retired bridge,refund once,"{""castSpeedPct"":1,""moveSpeedPct"":0.75}","{""castSpeedPct"":1,""moveSpeedPct"":0.75}",[],[],"[""line.speed.3.entry"",""line.agility.3.entry""]","[""line.speed.3.entry"",""line.agility.3.entry""]"
bridge.physical-guardian.3,retired bridge,refund once,"{""attackDamagePct"":1.88,""maxHp"":6.25,""defense"":0.94}","{""attackDamagePct"":1.88,""maxHp"":6.25,""defense"":0.94}",[],[],"[""line.physical.3.entry"",""line.guardian.3.entry""]","[""line.physical.3.entry"",""line.guardian.3.entry""]"
line.physical.4.entry,view.physical.4,active,"{""attackDamagePct"":4.5}","{""castSpeedPct"":1.8}","[""line.physical.3.join""]",[],[],[]
line.physical.4.a1,view.physical.4,active,"{""attackDamagePct"":4.5}","{""attackDamagePct"":4.5}","[""line.physical.4.entry""]","[""line.physical.4.entry""]",[],[]
line.physical.4.a2,view.physical.4,active,"{""attackDamagePct"":4.5}","{""attackDamagePct"":4.5}","[""line.physical.4.a1""]","[""line.physical.4.a1""]",[],[]
line.physical.4.a3,view.physical.4,active,"{""attackDamagePct"":4.5}","{""attackDamagePct"":4.5}","[""line.physical.4.a2""]","[""line.physical.4.a2""]",[],[]
line.physical.4.b1,view.physical.4,active,"{""penetrationPct"":2.78}","{""penetrationPct"":2.78}","[""line.physical.4.entry""]","[""line.physical.4.entry""]",[],[]
line.physical.4.b2,view.physical.4,active,"{""penetrationPct"":2.78}","{""penetrationPct"":2.78}","[""line.physical.4.b1""]","[""line.physical.4.b1""]",[],[]
line.physical.4.b3,view.physical.4,active,"{""penetrationPct"":2.78}","{""penetrationPct"":2.78}","[""line.physical.4.b2""]","[""line.physical.4.b2""]",[],[]
line.physical.4.join,view.physical.4,active,"{""penetrationPct"":2.78}","{""penetrationPct"":2.78}",[],[],"[""line.physical.4.a3"",""line.physical.4.b3"",""bridge.physical-damage.4"",""bridge.physical-guardian.4""]","[""line.physical.4.a3"",""line.physical.4.b3""]"
line.damage.4.entry,view.damage.4,active,"{""attack"":1.35,""magic"":0.83}","{""castSpeedPct"":1.8}","[""line.damage.3.join""]",[],[],[]
line.damage.4.a1,view.damage.4,active,"{""attack"":1.35,""magic"":0.83}","{""attack"":1.35,""magic"":0.83}","[""line.damage.4.entry""]","[""line.damage.4.entry""]",[],[]
line.damage.4.a2,view.damage.4,active,"{""attack"":1.35,""magic"":0.83}","{""attack"":1.35,""magic"":0.83}","[""line.damage.4.a1""]","[""line.damage.4.a1""]",[],[]
line.damage.4.a3,view.damage.4,active,"{""attack"":1.35,""magic"":0.83}","{""attack"":1.35,""magic"":0.83}","[""line.damage.4.a2""]","[""line.damage.4.a2""]",[],[]
line.damage.4.b1,view.damage.4,active,"{""damagePct"":4.5}","{""damagePct"":4.5}","[""line.damage.4.entry""]","[""line.damage.4.entry""]",[],[]
line.damage.4.b2,view.damage.4,active,"{""damagePct"":4.5}","{""damagePct"":4.5}","[""line.damage.4.b1""]","[""line.damage.4.b1""]",[],[]
line.damage.4.b3,view.damage.4,active,"{""damagePct"":4.5}","{""damagePct"":4.5}","[""line.damage.4.b2""]","[""line.damage.4.b2""]",[],[]
line.damage.4.join,view.damage.4,active,"{""damagePct"":4.5}","{""damagePct"":4.5}",[],[],"[""line.damage.4.a3"",""line.damage.4.b3"",""bridge.physical-damage.4"",""bridge.damage-crit.4""]","[""line.damage.4.a3"",""line.damage.4.b3""]"
line.crit.4.entry,view.crit.4,active,"{""critChancePct"":2.1}","{""critChancePct"":2.1}","[""line.crit.3.join""]",[],[],[]
line.crit.4.a1,view.crit.4,active,"{""critChancePct"":2.1}","{""critChancePct"":2.1}","[""line.crit.4.entry""]","[""line.crit.4.entry""]",[],[]
line.crit.4.a2,view.crit.4,active,"{""critChancePct"":2.1}","{""critChancePct"":2.1}","[""line.crit.4.a1""]","[""line.crit.4.a1""]",[],[]
line.crit.4.a3,view.crit.4,active,"{""critChancePct"":2.1}","{""critChancePct"":2.1}","[""line.crit.4.a2""]","[""line.crit.4.a2""]",[],[]
line.crit.4.b1,view.crit.4,active,"{""critMultPct"":8.25}","{""critMultPct"":8.25}","[""line.crit.4.entry""]","[""line.crit.4.entry""]",[],[]
line.crit.4.b2,view.crit.4,active,"{""critMultPct"":8.25}","{""critMultPct"":8.25}","[""line.crit.4.b1""]","[""line.crit.4.b1""]",[],[]
line.crit.4.b3,view.crit.4,active,"{""critMultPct"":8.25}","{""critMultPct"":8.25}","[""line.crit.4.b2""]","[""line.crit.4.b2""]",[],[]
line.crit.4.join,view.crit.4,active,"{""critMultPct"":8.25}","{""critMultPct"":8.25}",[],[],"[""line.crit.4.a3"",""line.crit.4.b3"",""bridge.damage-crit.4"",""bridge.crit-treasure.4""]","[""line.crit.4.a3"",""line.crit.4.b3""]"
line.element.4.entry,view.element.4,active,"{""elementalDamagePct"":5.4}","{""damagePct"":5.4}","[""line.element.3.join""]",[],[],[]
line.element.4.a1,view.element.4,active,"{""elementalDamagePct"":5.4}","{""elementalDamagePct"":5.4}","[""line.element.4.entry""]","[""line.element.4.entry""]",[],[]
line.element.4.a2,view.element.4,active,"{""elementalDamagePct"":5.4}","{""elementalDamagePct"":5.4}","[""line.element.4.a1""]","[""line.element.4.a1""]",[],[]
line.element.4.a3,view.element.4,active,"{""elementalDamagePct"":5.4}","{""elementalDamagePct"":5.4}","[""line.element.4.a2""]","[""line.element.4.a2""]",[],[]
line.element.4.b1,view.element.4,active,"{""elementalDamagePct"":2.7,""poisonChancePct"":3}","{""elementalDamagePct"":2.7,""poisonChancePct"":3}","[""line.element.4.entry""]","[""line.element.4.entry""]",[],[]
line.element.4.b2,view.element.4,active,"{""elementalDamagePct"":2.7,""poisonChancePct"":3}","{""elementalDamagePct"":2.7,""poisonChancePct"":3}","[""line.element.4.b1""]","[""line.element.4.b1""]",[],[]
line.element.4.b3,view.element.4,active,"{""elementalDamagePct"":2.7,""poisonChancePct"":3}","{""elementalDamagePct"":2.7,""poisonChancePct"":3}","[""line.element.4.b2""]","[""line.element.4.b2""]",[],[]
line.element.4.join,view.element.4,active,"{""elementalDamagePct"":2.7,""poisonChancePct"":3}","{""elementalDamagePct"":2.7,""poisonChancePct"":3}",[],[],"[""line.element.4.a3"",""line.element.4.b3"",""bridge.element-mana.4""]","[""line.element.4.a3"",""line.element.4.b3""]"
line.mana.4.entry,view.mana.4,active,"{""maxMp"":12,""mpRegenPct"":6}","{""maxMp"":12,""mpRegenPct"":6}","[""line.mana.3.join""]",[],[],[]
line.mana.4.a1,view.mana.4,active,"{""maxMp"":12,""mpRegenPct"":6}","{""maxMp"":12,""mpRegenPct"":6}","[""line.mana.4.entry""]","[""line.mana.4.entry""]",[],[]
line.mana.4.a2,view.mana.4,active,"{""maxMp"":12,""mpRegenPct"":6}","{""maxMp"":12,""mpRegenPct"":6}","[""line.mana.4.a1""]","[""line.mana.4.a1""]",[],[]
line.mana.4.a3,view.mana.4,active,"{""maxMp"":12,""mpRegenPct"":6}","{""maxMp"":12,""mpRegenPct"":6}","[""line.mana.4.a2""]","[""line.mana.4.a2""]",[],[]
line.mana.4.b1,view.mana.4,active,"{""manaCostReductionPct"":2.25}","{""manaCostReductionPct"":2.25}","[""line.mana.4.entry""]","[""line.mana.4.entry""]",[],[]
line.mana.4.b2,view.mana.4,active,"{""manaCostReductionPct"":2.25}","{""manaCostReductionPct"":2.25}","[""line.mana.4.b1""]","[""line.mana.4.b1""]",[],[]
line.mana.4.b3,view.mana.4,active,"{""manaCostReductionPct"":2.25}","{""manaCostReductionPct"":2.25}","[""line.mana.4.b2""]","[""line.mana.4.b2""]",[],[]
line.mana.4.join,view.mana.4,active,"{""manaCostReductionPct"":2.25}","{""manaCostReductionPct"":2.25}",[],[],"[""line.mana.4.a3"",""line.mana.4.b3"",""bridge.element-mana.4"",""bridge.mana-speed.4""]","[""line.mana.4.a3"",""line.mana.4.b3""]"
line.speed.4.entry,view.speed.4,active,"{""castSpeedPct"":2.4}","{""castSpeedPct"":2.4,""movementRechargePct"":0.75}","[""line.speed.3.join""]",[],[],[]
line.speed.4.a1,view.speed.4,active,"{""castSpeedPct"":2.4}","{""castSpeedPct"":2.4}","[""line.speed.4.entry""]","[""line.speed.4.entry""]",[],[]
line.speed.4.a2,view.speed.4,active,"{""castSpeedPct"":2.4}","{""castSpeedPct"":2.4}","[""line.speed.4.a1""]","[""line.speed.4.a1""]",[],[]
line.speed.4.a3,view.speed.4,active,"{""castSpeedPct"":2.4}","{""castSpeedPct"":2.4}","[""line.speed.4.a2""]","[""line.speed.4.a2""]",[],[]
line.speed.4.b1,view.speed.4,active,"{""cooldownPct"":1.5}","{""cooldownPct"":1.5}","[""line.speed.4.entry""]","[""line.speed.4.entry""]",[],[]
line.speed.4.b2,view.speed.4,active,"{""cooldownPct"":1.5}","{""cooldownPct"":1.5}","[""line.speed.4.b1""]","[""line.speed.4.b1""]",[],[]
line.speed.4.b3,view.speed.4,active,"{""cooldownPct"":1.5}","{""cooldownPct"":1.5}","[""line.speed.4.b2""]","[""line.speed.4.b2""]",[],[]
line.speed.4.join,view.speed.4,active,"{""cooldownPct"":1.5}","{""cooldownPct"":1.5}",[],[],"[""line.speed.4.a3"",""line.speed.4.b3"",""bridge.mana-speed.4"",""bridge.speed-agility.4""]","[""line.speed.4.a3"",""line.speed.4.b3""]"
line.guardian.4.entry,view.guardian.4,active,"{""maxHp"":15,""defense"":2.25}","{""maxHp"":15,""defense"":2.25}","[""line.guardian.3.join""]",[],[],[]
line.guardian.4.a1,view.guardian.4,active,"{""maxHp"":15,""defense"":2.25}","{""maxHp"":15,""defense"":2.25}","[""line.guardian.4.entry""]","[""line.guardian.4.entry""]",[],[]
line.guardian.4.a2,view.guardian.4,active,"{""maxHp"":15,""defense"":2.25}","{""maxHp"":15,""defense"":2.25}","[""line.guardian.4.a1""]","[""line.guardian.4.a1""]",[],[]
line.guardian.4.a3,view.guardian.4,active,"{""maxHp"":15,""defense"":2.25}","{""maxHp"":15,""defense"":2.25}","[""line.guardian.4.a2""]","[""line.guardian.4.a2""]",[],[]
line.guardian.4.b1,view.guardian.4,active,"{""blockChancePct"":1.5,""meleeDamagePct"":3}","{""blockChancePct"":1.5,""meleeDamagePct"":3}","[""line.guardian.4.entry""]","[""line.guardian.4.entry""]",[],[]
line.guardian.4.b2,view.guardian.4,active,"{""blockChancePct"":1.5,""meleeDamagePct"":3}","{""blockChancePct"":1.5,""meleeDamagePct"":3}","[""line.guardian.4.b1""]","[""line.guardian.4.b1""]",[],[]
line.guardian.4.b3,view.guardian.4,active,"{""blockChancePct"":1.5,""meleeDamagePct"":3}","{""blockChancePct"":1.5,""meleeDamagePct"":3}","[""line.guardian.4.b2""]","[""line.guardian.4.b2""]",[],[]
line.guardian.4.join,view.guardian.4,active,"{""blockChancePct"":1.5,""meleeDamagePct"":3}","{""blockChancePct"":1.5,""meleeDamagePct"":3}",[],[],"[""line.guardian.4.a3"",""line.guardian.4.b3"",""bridge.guardian-agility.4"",""bridge.physical-guardian.4""]","[""line.guardian.4.a3"",""line.guardian.4.b3""]"
line.agility.4.entry,view.agility.4,active,"{""moveSpeedPct"":1.8}","{""moveSpeedPct"":1.8}","[""line.agility.3.join""]",[],[],[]
line.agility.4.a1,view.agility.4,active,"{""moveSpeedPct"":1.8}","{""moveSpeedPct"":1.8}","[""line.agility.4.entry""]","[""line.agility.4.entry""]",[],[]
line.agility.4.a2,view.agility.4,active,"{""moveSpeedPct"":1.8}","{""moveSpeedPct"":1.8}","[""line.agility.4.a1""]","[""line.agility.4.a1""]",[],[]
line.agility.4.a3,view.agility.4,active,"{""moveSpeedPct"":1.8}","{""moveSpeedPct"":1.8}","[""line.agility.4.a2""]","[""line.agility.4.a2""]",[],[]
line.agility.4.b1,view.agility.4,active,"{""movementRechargePct"":2.4,""hpRegen"":0.15}","{""movementRechargePct"":2.4,""hpRegen"":0.15}","[""line.agility.4.entry""]","[""line.agility.4.entry""]",[],[]
line.agility.4.b2,view.agility.4,active,"{""movementRechargePct"":2.4,""hpRegen"":0.15}","{""movementRechargePct"":2.4,""hpRegen"":0.15}","[""line.agility.4.b1""]","[""line.agility.4.b1""]",[],[]
line.agility.4.b3,view.agility.4,active,"{""movementRechargePct"":2.4,""hpRegen"":0.15}","{""movementRechargePct"":2.4,""hpRegen"":0.15}","[""line.agility.4.b2""]","[""line.agility.4.b2""]",[],[]
line.agility.4.join,view.agility.4,active,"{""movementRechargePct"":2.4,""hpRegen"":0.15}","{""movementRechargePct"":2.4,""hpRegen"":0.15}",[],[],"[""line.agility.4.a3"",""line.agility.4.b3"",""bridge.guardian-agility.4"",""bridge.agility-treasure.4"",""bridge.speed-agility.4""]","[""line.agility.4.a3"",""line.agility.4.b3""]"
line.treasure.4.entry,view.treasure.4,active,"{""materialFindPct"":2.1,""projectileDamagePct"":1.5}","{""materialFindPct"":2.1}","[""line.treasure.3.join""]",[],[],[]
line.treasure.4.a1,view.treasure.4,active,"{""materialFindPct"":2.1,""projectileDamagePct"":1.5}","{""materialFindPct"":2.1}","[""line.treasure.4.entry""]","[""line.treasure.4.entry""]",[],[]
line.treasure.4.a2,view.treasure.4,active,"{""materialFindPct"":2.1,""projectileDamagePct"":1.5}","{""materialFindPct"":2.1}","[""line.treasure.4.a1""]","[""line.treasure.4.a1""]",[],[]
line.treasure.4.a3,view.treasure.4,active,"{""materialFindPct"":2.1,""projectileDamagePct"":1.5}","{""materialFindPct"":2.1}","[""line.treasure.4.a2""]","[""line.treasure.4.a2""]",[],[]
line.treasure.4.b1,view.treasure.4,active,"{""goldFindPct"":3,""gearFindPct"":2.1}","{""goldFindPct"":3,""gearFindPct"":2.1}","[""line.treasure.4.entry""]","[""line.treasure.4.entry""]",[],[]
line.treasure.4.b2,view.treasure.4,active,"{""goldFindPct"":3,""gearFindPct"":2.1}","{""goldFindPct"":3,""gearFindPct"":2.1}","[""line.treasure.4.b1""]","[""line.treasure.4.b1""]",[],[]
line.treasure.4.b3,view.treasure.4,active,"{""goldFindPct"":3,""gearFindPct"":2.1}","{""goldFindPct"":3,""gearFindPct"":2.1}","[""line.treasure.4.b2""]","[""line.treasure.4.b2""]",[],[]
line.treasure.4.join,view.treasure.4,active,"{""goldFindPct"":3,""gearFindPct"":2.1}","{""goldFindPct"":3,""gearFindPct"":2.1}",[],[],"[""line.treasure.4.a3"",""line.treasure.4.b3"",""bridge.agility-treasure.4"",""bridge.crit-treasure.4""]","[""line.treasure.4.a3"",""line.treasure.4.b3""]"
bridge.physical-damage.4,retired bridge,refund once,"{""attackDamagePct"":2.25,""attack"":0.68,""magic"":0.41}","{""attackDamagePct"":2.25,""attack"":0.68,""magic"":0.41}",[],[],"[""line.physical.4.entry"",""line.damage.4.entry""]","[""line.physical.4.entry"",""line.damage.4.entry""]"
bridge.damage-crit.4,retired bridge,refund once,"{""attack"":0.68,""magic"":0.41,""critChancePct"":1.05}","{""attack"":0.68,""magic"":0.41,""critChancePct"":1.05}",[],[],"[""line.damage.4.entry"",""line.crit.4.entry""]","[""line.damage.4.entry"",""line.crit.4.entry""]"
bridge.element-mana.4,retired bridge,refund once,"{""elementalDamagePct"":2.7,""maxMp"":6,""mpRegenPct"":3}","{""elementalDamagePct"":2.7,""maxMp"":6,""mpRegenPct"":3}",[],[],"[""line.element.4.entry"",""line.mana.4.entry""]","[""line.element.4.entry"",""line.mana.4.entry""]"
bridge.mana-speed.4,retired bridge,refund once,"{""maxMp"":6,""mpRegenPct"":3,""castSpeedPct"":1.2}","{""maxMp"":6,""mpRegenPct"":3,""castSpeedPct"":1.2}",[],[],"[""line.mana.4.entry"",""line.speed.4.entry""]","[""line.mana.4.entry"",""line.speed.4.entry""]"
bridge.guardian-agility.4,retired bridge,refund once,"{""maxHp"":7.5,""defense"":1.13,""moveSpeedPct"":0.9}","{""maxHp"":7.5,""defense"":1.13,""moveSpeedPct"":0.9}",[],[],"[""line.guardian.4.entry"",""line.agility.4.entry""]","[""line.guardian.4.entry"",""line.agility.4.entry""]"
bridge.agility-treasure.4,retired bridge,refund once,"{""moveSpeedPct"":0.9,""materialFindPct"":1.05,""projectileDamagePct"":0.75}","{""moveSpeedPct"":0.9,""materialFindPct"":1.05,""projectileDamagePct"":0.75}",[],[],"[""line.agility.4.entry"",""line.treasure.4.entry""]","[""line.agility.4.entry"",""line.treasure.4.entry""]"
bridge.crit-treasure.4,retired bridge,refund once,"{""critChancePct"":1.05,""materialFindPct"":1.05,""projectileDamagePct"":0.75}","{""critChancePct"":1.05,""materialFindPct"":1.05,""projectileDamagePct"":0.75}",[],[],"[""line.crit.4.entry"",""line.treasure.4.entry""]","[""line.crit.4.entry"",""line.treasure.4.entry""]"
bridge.speed-agility.4,retired bridge,refund once,"{""castSpeedPct"":1.2,""moveSpeedPct"":0.9}","{""castSpeedPct"":1.2,""moveSpeedPct"":0.9}",[],[],"[""line.speed.4.entry"",""line.agility.4.entry""]","[""line.speed.4.entry"",""line.agility.4.entry""]"
bridge.physical-guardian.4,retired bridge,refund once,"{""attackDamagePct"":2.25,""maxHp"":7.5,""defense"":1.13}","{""attackDamagePct"":2.25,""maxHp"":7.5,""defense"":1.13}",[],[],"[""line.physical.4.entry"",""line.guardian.4.entry""]","[""line.physical.4.entry"",""line.guardian.4.entry""]"
line.physical.5.entry,view.physical.5,active,"{""attackDamagePct"":5.25}","{""castSpeedPct"":2.1}","[""line.physical.4.join""]",[],[],[]
line.physical.5.a1,view.physical.5,active,"{""attackDamagePct"":5.25}","{""attackDamagePct"":5.25}","[""line.physical.5.entry""]","[""line.physical.5.entry""]",[],[]
line.physical.5.a2,view.physical.5,active,"{""attackDamagePct"":5.25}","{""attackDamagePct"":5.25}","[""line.physical.5.a1""]","[""line.physical.5.a1""]",[],[]
line.physical.5.b1,view.physical.5,active,"{""penetrationPct"":3.24}","{""penetrationPct"":3.24}","[""line.physical.5.entry""]","[""line.physical.5.entry""]",[],[]
line.physical.5.b2,view.physical.5,active,"{""penetrationPct"":3.24}","{""penetrationPct"":3.24}","[""line.physical.5.b1""]","[""line.physical.5.b1""]",[],[]
line.physical.5.join,view.physical.5,active,"{""penetrationPct"":3.24}","{""penetrationPct"":3.24}",[],[],"[""line.physical.5.a2"",""line.physical.5.b2"",""bridge.physical-damage.5""]","[""line.physical.5.a2"",""line.physical.5.b2""]"
line.damage.5.entry,view.damage.5,active,"{""attack"":1.58,""magic"":0.96}","{""castSpeedPct"":2.1}","[""line.damage.4.join""]",[],[],[]
line.damage.5.a1,view.damage.5,active,"{""attack"":1.58,""magic"":0.96}","{""attack"":1.58,""magic"":0.96}","[""line.damage.5.entry""]","[""line.damage.5.entry""]",[],[]
line.damage.5.a2,view.damage.5,active,"{""attack"":1.58,""magic"":0.96}","{""attack"":1.58,""magic"":0.96}","[""line.damage.5.a1""]","[""line.damage.5.a1""]",[],[]
line.damage.5.b1,view.damage.5,active,"{""damagePct"":5.25}","{""damagePct"":5.25}","[""line.damage.5.entry""]","[""line.damage.5.entry""]",[],[]
line.damage.5.b2,view.damage.5,active,"{""damagePct"":5.25}","{""damagePct"":5.25}","[""line.damage.5.b1""]","[""line.damage.5.b1""]",[],[]
line.damage.5.join,view.damage.5,active,"{""damagePct"":5.25}","{""damagePct"":5.25}",[],[],"[""line.damage.5.a2"",""line.damage.5.b2"",""bridge.physical-damage.5"",""bridge.damage-crit.5""]","[""line.damage.5.a2"",""line.damage.5.b2""]"
line.crit.5.entry,view.crit.5,active,"{""critChancePct"":2.45}","{""critChancePct"":2.45}","[""line.crit.4.join""]",[],[],[]
line.crit.5.a1,view.crit.5,active,"{""critChancePct"":2.45}","{""critChancePct"":2.45}","[""line.crit.5.entry""]","[""line.crit.5.entry""]",[],[]
line.crit.5.a2,view.crit.5,active,"{""critChancePct"":2.45}","{""critChancePct"":2.45}","[""line.crit.5.a1""]","[""line.crit.5.a1""]",[],[]
line.crit.5.b1,view.crit.5,active,"{""critMultPct"":9.63}","{""critMultPct"":9.63}","[""line.crit.5.entry""]","[""line.crit.5.entry""]",[],[]
line.crit.5.b2,view.crit.5,active,"{""critMultPct"":9.63}","{""critMultPct"":9.63}","[""line.crit.5.b1""]","[""line.crit.5.b1""]",[],[]
line.crit.5.join,view.crit.5,active,"{""critMultPct"":9.63}","{""critMultPct"":9.63}",[],[],"[""line.crit.5.a2"",""line.crit.5.b2"",""bridge.damage-crit.5""]","[""line.crit.5.a2"",""line.crit.5.b2""]"
line.element.5.entry,view.element.5,active,"{""elementalDamagePct"":6.3}","{""damagePct"":6.3}","[""line.element.4.join""]",[],[],[]
line.element.5.a1,view.element.5,active,"{""elementalDamagePct"":6.3}","{""elementalDamagePct"":6.3}","[""line.element.5.entry""]","[""line.element.5.entry""]",[],[]
line.element.5.a2,view.element.5,active,"{""elementalDamagePct"":6.3}","{""elementalDamagePct"":6.3}","[""line.element.5.a1""]","[""line.element.5.a1""]",[],[]
line.element.5.b1,view.element.5,active,"{""elementalDamagePct"":3.15,""poisonChancePct"":3.5}","{""elementalDamagePct"":3.15,""poisonChancePct"":3.5}","[""line.element.5.entry""]","[""line.element.5.entry""]",[],[]
line.element.5.b2,view.element.5,active,"{""elementalDamagePct"":3.15,""poisonChancePct"":3.5}","{""elementalDamagePct"":3.15,""poisonChancePct"":3.5}","[""line.element.5.b1""]","[""line.element.5.b1""]",[],[]
line.element.5.join,view.element.5,active,"{""elementalDamagePct"":3.15,""poisonChancePct"":3.5}","{""elementalDamagePct"":3.15,""poisonChancePct"":3.5}",[],[],"[""line.element.5.a2"",""line.element.5.b2"",""bridge.element-mana.5""]","[""line.element.5.a2"",""line.element.5.b2""]"
line.mana.5.entry,view.mana.5,active,"{""maxMp"":14,""mpRegenPct"":7}","{""maxMp"":14,""mpRegenPct"":7}","[""line.mana.4.join""]",[],[],[]
line.mana.5.a1,view.mana.5,active,"{""maxMp"":14,""mpRegenPct"":7}","{""maxMp"":14,""mpRegenPct"":7}","[""line.mana.5.entry""]","[""line.mana.5.entry""]",[],[]
line.mana.5.a2,view.mana.5,active,"{""maxMp"":14,""mpRegenPct"":7}","{""maxMp"":14,""mpRegenPct"":7}","[""line.mana.5.a1""]","[""line.mana.5.a1""]",[],[]
line.mana.5.b1,view.mana.5,active,"{""manaCostReductionPct"":2.63}","{""manaCostReductionPct"":2.63}","[""line.mana.5.entry""]","[""line.mana.5.entry""]",[],[]
line.mana.5.b2,view.mana.5,active,"{""manaCostReductionPct"":2.63}","{""manaCostReductionPct"":2.63}","[""line.mana.5.b1""]","[""line.mana.5.b1""]",[],[]
line.mana.5.join,view.mana.5,active,"{""manaCostReductionPct"":2.63}","{""manaCostReductionPct"":2.63}",[],[],"[""line.mana.5.a2"",""line.mana.5.b2"",""bridge.element-mana.5"",""bridge.mana-speed.5""]","[""line.mana.5.a2"",""line.mana.5.b2""]"
line.speed.5.entry,view.speed.5,active,"{""castSpeedPct"":2.8}","{""castSpeedPct"":2.8,""movementRechargePct"":0.88}","[""line.speed.4.join""]",[],[],[]
line.speed.5.a1,view.speed.5,active,"{""castSpeedPct"":2.8}","{""castSpeedPct"":2.8}","[""line.speed.5.entry""]","[""line.speed.5.entry""]",[],[]
line.speed.5.a2,view.speed.5,active,"{""castSpeedPct"":2.8}","{""castSpeedPct"":2.8}","[""line.speed.5.a1""]","[""line.speed.5.a1""]",[],[]
line.speed.5.b1,view.speed.5,active,"{""cooldownPct"":1.75}","{""cooldownPct"":1.75}","[""line.speed.5.entry""]","[""line.speed.5.entry""]",[],[]
line.speed.5.b2,view.speed.5,active,"{""cooldownPct"":1.75}","{""cooldownPct"":1.75}","[""line.speed.5.b1""]","[""line.speed.5.b1""]",[],[]
line.speed.5.join,view.speed.5,active,"{""cooldownPct"":1.75}","{""cooldownPct"":1.75}",[],[],"[""line.speed.5.a2"",""line.speed.5.b2"",""bridge.mana-speed.5""]","[""line.speed.5.a2"",""line.speed.5.b2""]"
line.guardian.5.entry,view.guardian.5,active,"{""maxHp"":17.5,""defense"":2.63}","{""maxHp"":17.5,""defense"":2.63}","[""line.guardian.4.join""]",[],[],[]
line.guardian.5.a1,view.guardian.5,active,"{""maxHp"":17.5,""defense"":2.63}","{""maxHp"":17.5,""defense"":2.63}","[""line.guardian.5.entry""]","[""line.guardian.5.entry""]",[],[]
line.guardian.5.a2,view.guardian.5,active,"{""maxHp"":17.5,""defense"":2.63}","{""maxHp"":17.5,""defense"":2.63}","[""line.guardian.5.a1""]","[""line.guardian.5.a1""]",[],[]
line.guardian.5.b1,view.guardian.5,active,"{""blockChancePct"":1.75,""meleeDamagePct"":3.5}","{""blockChancePct"":1.75,""meleeDamagePct"":3.5}","[""line.guardian.5.entry""]","[""line.guardian.5.entry""]",[],[]
line.guardian.5.b2,view.guardian.5,active,"{""blockChancePct"":1.75,""meleeDamagePct"":3.5}","{""blockChancePct"":1.75,""meleeDamagePct"":3.5}","[""line.guardian.5.b1""]","[""line.guardian.5.b1""]",[],[]
line.guardian.5.join,view.guardian.5,active,"{""blockChancePct"":1.75,""meleeDamagePct"":3.5}","{""blockChancePct"":1.75,""meleeDamagePct"":3.5}",[],[],"[""line.guardian.5.a2"",""line.guardian.5.b2"",""bridge.guardian-agility.5""]","[""line.guardian.5.a2"",""line.guardian.5.b2""]"
line.agility.5.entry,view.agility.5,active,"{""moveSpeedPct"":2.1}","{""moveSpeedPct"":2.1}","[""line.agility.4.join""]",[],[],[]
line.agility.5.a1,view.agility.5,active,"{""moveSpeedPct"":2.1}","{""moveSpeedPct"":2.1}","[""line.agility.5.entry""]","[""line.agility.5.entry""]",[],[]
line.agility.5.a2,view.agility.5,active,"{""moveSpeedPct"":2.1}","{""moveSpeedPct"":2.1}","[""line.agility.5.a1""]","[""line.agility.5.a1""]",[],[]
line.agility.5.b1,view.agility.5,active,"{""movementRechargePct"":2.8,""hpRegen"":0.18}","{""movementRechargePct"":2.8,""hpRegen"":0.18}","[""line.agility.5.entry""]","[""line.agility.5.entry""]",[],[]
line.agility.5.b2,view.agility.5,active,"{""movementRechargePct"":2.8,""hpRegen"":0.18}","{""movementRechargePct"":2.8,""hpRegen"":0.18}","[""line.agility.5.b1""]","[""line.agility.5.b1""]",[],[]
line.agility.5.join,view.agility.5,active,"{""movementRechargePct"":2.8,""hpRegen"":0.18}","{""movementRechargePct"":2.8,""hpRegen"":0.18}",[],[],"[""line.agility.5.a2"",""line.agility.5.b2"",""bridge.guardian-agility.5"",""bridge.agility-treasure.5""]","[""line.agility.5.a2"",""line.agility.5.b2""]"
line.treasure.5.entry,view.treasure.5,active,"{""materialFindPct"":2.45,""projectileDamagePct"":1.75}","{""materialFindPct"":2.45}","[""line.treasure.4.join""]",[],[],[]
line.treasure.5.a1,view.treasure.5,active,"{""materialFindPct"":2.45,""projectileDamagePct"":1.75}","{""materialFindPct"":2.45}","[""line.treasure.5.entry""]","[""line.treasure.5.entry""]",[],[]
line.treasure.5.a2,view.treasure.5,active,"{""materialFindPct"":2.45,""projectileDamagePct"":1.75}","{""materialFindPct"":2.45}","[""line.treasure.5.a1""]","[""line.treasure.5.a1""]",[],[]
line.treasure.5.b1,view.treasure.5,active,"{""goldFindPct"":3.5,""gearFindPct"":2.45}","{""goldFindPct"":3.5,""gearFindPct"":2.45}","[""line.treasure.5.entry""]","[""line.treasure.5.entry""]",[],[]
line.treasure.5.b2,view.treasure.5,active,"{""goldFindPct"":3.5,""gearFindPct"":2.45}","{""goldFindPct"":3.5,""gearFindPct"":2.45}","[""line.treasure.5.b1""]","[""line.treasure.5.b1""]",[],[]
line.treasure.5.join,view.treasure.5,active,"{""goldFindPct"":3.5,""gearFindPct"":2.45}","{""goldFindPct"":3.5,""gearFindPct"":2.45}",[],[],"[""line.treasure.5.a2"",""line.treasure.5.b2"",""bridge.agility-treasure.5""]","[""line.treasure.5.a2"",""line.treasure.5.b2""]"
bridge.physical-damage.5,retired bridge,refund once,"{""attackDamagePct"":2.63,""attack"":0.79,""magic"":0.48}","{""attackDamagePct"":2.63,""attack"":0.79,""magic"":0.48}",[],[],"[""line.physical.5.entry"",""line.damage.5.entry""]","[""line.physical.5.entry"",""line.damage.5.entry""]"
bridge.damage-crit.5,retired bridge,refund once,"{""attack"":0.79,""magic"":0.48,""critChancePct"":1.22}","{""attack"":0.79,""magic"":0.48,""critChancePct"":1.22}",[],[],"[""line.damage.5.entry"",""line.crit.5.entry""]","[""line.damage.5.entry"",""line.crit.5.entry""]"
bridge.element-mana.5,retired bridge,refund once,"{""elementalDamagePct"":3.15,""maxMp"":7,""mpRegenPct"":3.5}","{""elementalDamagePct"":3.15,""maxMp"":7,""mpRegenPct"":3.5}",[],[],"[""line.element.5.entry"",""line.mana.5.entry""]","[""line.element.5.entry"",""line.mana.5.entry""]"
bridge.mana-speed.5,retired bridge,refund once,"{""maxMp"":7,""mpRegenPct"":3.5,""castSpeedPct"":1.4}","{""maxMp"":7,""mpRegenPct"":3.5,""castSpeedPct"":1.4}",[],[],"[""line.mana.5.entry"",""line.speed.5.entry""]","[""line.mana.5.entry"",""line.speed.5.entry""]"
bridge.guardian-agility.5,retired bridge,refund once,"{""maxHp"":8.75,""defense"":1.31,""moveSpeedPct"":1.05}","{""maxHp"":8.75,""defense"":1.31,""moveSpeedPct"":1.05}",[],[],"[""line.guardian.5.entry"",""line.agility.5.entry""]","[""line.guardian.5.entry"",""line.agility.5.entry""]"
bridge.agility-treasure.5,retired bridge,refund once,"{""moveSpeedPct"":1.05,""materialFindPct"":1.22,""projectileDamagePct"":0.88}","{""moveSpeedPct"":1.05,""materialFindPct"":1.22,""projectileDamagePct"":0.88}",[],[],"[""line.agility.5.entry"",""line.treasure.5.entry""]","[""line.agility.5.entry"",""line.treasure.5.entry""]"
line.physical.mastery.1,view.physical.mastery,active,"{""attackDamagePct"":3.15}","{""castSpeedPct"":1.26}","[""line.physical.5.join""]",[],[],[]
line.physical.mastery.2,view.physical.mastery,active,"{""penetrationPct"":1.94}","{""penetrationPct"":1.94}","[""line.physical.mastery.1""]","[""line.physical.mastery.1""]",[],[]
line.physical.mastery.3,view.physical.mastery,active,"{""attackDamagePct"":3.15}","{""attackDamagePct"":3.15}","[""line.physical.mastery.2""]","[""line.physical.mastery.1""]",[],[]
line.physical.mastery.4,view.physical.mastery,active,"{""penetrationPct"":1.94}","{""penetrationPct"":1.94}","[""line.physical.mastery.3""]","[""line.physical.mastery.2""]",[],[]
line.physical.mastery.5,view.physical.mastery,active,"{""attackDamagePct"":3.15}","{""attackDamagePct"":3.15}","[""line.physical.mastery.4""]","[""line.physical.mastery.3""]",[],[]
line.physical.mastery.6,view.physical.mastery,active,"{""penetrationPct"":1.94}","{""penetrationPct"":1.94}","[""line.physical.mastery.5""]","[""line.physical.mastery.4""]",[],[]
line.physical.mastery.7,view.physical.mastery,active,"{""attackDamagePct"":3.15}","{""attackDamagePct"":3.15}","[""line.physical.mastery.6""]","[""line.physical.mastery.5""]",[],[]
line.physical.mastery.8,view.physical.mastery,active,"{""penetrationPct"":1.94}","{""penetrationPct"":1.94}","[""line.physical.mastery.7""]","[""line.physical.mastery.6""]",[],[]
line.physical.mastery.9,view.physical.mastery,active,"{""attackDamagePct"":3.15}","{""attackDamagePct"":3.15}","[""line.physical.mastery.8""]","[""line.physical.mastery.7""]",[],[]
line.physical.mastery.10,view.physical.mastery,active,"{""penetrationPct"":1.94}","{""penetrationPct"":1.94}","[""line.physical.mastery.9""]","[""line.physical.mastery.8""]",[],[]
line.damage.mastery.1,view.damage.mastery,active,"{""attack"":0.95,""magic"":0.58}","{""castSpeedPct"":1.26}","[""line.damage.5.join""]",[],[],[]
line.damage.mastery.2,view.damage.mastery,active,"{""damagePct"":3.15}","{""damagePct"":3.15}","[""line.damage.mastery.1""]","[""line.damage.mastery.1""]",[],[]
line.damage.mastery.3,view.damage.mastery,active,"{""attack"":0.95,""magic"":0.58}","{""attack"":0.95,""magic"":0.58}","[""line.damage.mastery.2""]","[""line.damage.mastery.1""]",[],[]
line.damage.mastery.4,view.damage.mastery,active,"{""damagePct"":3.15}","{""damagePct"":3.15}","[""line.damage.mastery.3""]","[""line.damage.mastery.2""]",[],[]
line.damage.mastery.5,view.damage.mastery,active,"{""attack"":0.95,""magic"":0.58}","{""attack"":0.95,""magic"":0.58}","[""line.damage.mastery.4""]","[""line.damage.mastery.3""]",[],[]
line.damage.mastery.6,view.damage.mastery,active,"{""damagePct"":3.15}","{""damagePct"":3.15}","[""line.damage.mastery.5""]","[""line.damage.mastery.4""]",[],[]
line.damage.mastery.7,view.damage.mastery,active,"{""attack"":0.95,""magic"":0.58}","{""attack"":0.95,""magic"":0.58}","[""line.damage.mastery.6""]","[""line.damage.mastery.5""]",[],[]
line.damage.mastery.8,view.damage.mastery,active,"{""damagePct"":3.15}","{""damagePct"":3.15}","[""line.damage.mastery.7""]","[""line.damage.mastery.6""]",[],[]
line.damage.mastery.9,view.damage.mastery,active,"{""attack"":0.95,""magic"":0.58}","{""attack"":0.95,""magic"":0.58}","[""line.damage.mastery.8""]","[""line.damage.mastery.7""]",[],[]
line.damage.mastery.10,view.damage.mastery,active,"{""damagePct"":3.15}","{""damagePct"":3.15}","[""line.damage.mastery.9""]","[""line.damage.mastery.8""]",[],[]
line.crit.mastery.1,view.crit.mastery,active,"{""critChancePct"":1.47}","{""critChancePct"":1.47}","[""line.crit.5.join""]",[],[],[]
line.crit.mastery.2,view.crit.mastery,active,"{""critMultPct"":5.78}","{""critMultPct"":5.78}","[""line.crit.mastery.1""]","[""line.crit.mastery.1""]",[],[]
line.crit.mastery.3,view.crit.mastery,active,"{""critChancePct"":1.47}","{""critChancePct"":1.47}","[""line.crit.mastery.2""]","[""line.crit.mastery.1""]",[],[]
line.crit.mastery.4,view.crit.mastery,active,"{""critMultPct"":5.78}","{""critMultPct"":5.78}","[""line.crit.mastery.3""]","[""line.crit.mastery.2""]",[],[]
line.crit.mastery.5,view.crit.mastery,active,"{""critChancePct"":1.47}","{""critChancePct"":1.47}","[""line.crit.mastery.4""]","[""line.crit.mastery.3""]",[],[]
line.crit.mastery.6,view.crit.mastery,active,"{""critMultPct"":5.78}","{""critMultPct"":5.78}","[""line.crit.mastery.5""]","[""line.crit.mastery.4""]",[],[]
line.crit.mastery.7,view.crit.mastery,active,"{""critChancePct"":1.47}","{""critChancePct"":1.47}","[""line.crit.mastery.6""]","[""line.crit.mastery.5""]",[],[]
line.crit.mastery.8,view.crit.mastery,active,"{""critMultPct"":5.78}","{""critMultPct"":5.78}","[""line.crit.mastery.7""]","[""line.crit.mastery.6""]",[],[]
line.crit.mastery.9,view.crit.mastery,active,"{""critChancePct"":1.47}","{""critChancePct"":1.47}","[""line.crit.mastery.8""]","[""line.crit.mastery.7""]",[],[]
line.crit.mastery.10,view.crit.mastery,active,"{""critMultPct"":5.78}","{""critMultPct"":5.78}","[""line.crit.mastery.9""]","[""line.crit.mastery.8""]",[],[]
line.element.mastery.1,view.element.mastery,active,"{""elementalDamagePct"":3.78}","{""damagePct"":3.78}","[""line.element.5.join""]",[],[],[]
line.element.mastery.2,view.element.mastery,active,"{""elementalDamagePct"":1.89,""poisonChancePct"":2.1}","{""elementalDamagePct"":1.89,""poisonChancePct"":2.1}","[""line.element.mastery.1""]","[""line.element.mastery.1""]",[],[]
line.element.mastery.3,view.element.mastery,active,"{""elementalDamagePct"":3.78}","{""elementalDamagePct"":3.78}","[""line.element.mastery.2""]","[""line.element.mastery.1""]",[],[]
line.element.mastery.4,view.element.mastery,active,"{""elementalDamagePct"":1.89,""poisonChancePct"":2.1}","{""elementalDamagePct"":1.89,""poisonChancePct"":2.1}","[""line.element.mastery.3""]","[""line.element.mastery.2""]",[],[]
line.element.mastery.5,view.element.mastery,active,"{""elementalDamagePct"":3.78}","{""elementalDamagePct"":3.78}","[""line.element.mastery.4""]","[""line.element.mastery.3""]",[],[]
line.element.mastery.6,view.element.mastery,active,"{""elementalDamagePct"":1.89,""poisonChancePct"":2.1}","{""elementalDamagePct"":1.89,""poisonChancePct"":2.1}","[""line.element.mastery.5""]","[""line.element.mastery.4""]",[],[]
line.element.mastery.7,view.element.mastery,active,"{""elementalDamagePct"":3.78}","{""elementalDamagePct"":3.78}","[""line.element.mastery.6""]","[""line.element.mastery.5""]",[],[]
line.element.mastery.8,view.element.mastery,active,"{""elementalDamagePct"":1.89,""poisonChancePct"":2.1}","{""elementalDamagePct"":1.89,""poisonChancePct"":2.1}","[""line.element.mastery.7""]","[""line.element.mastery.6""]",[],[]
line.element.mastery.9,view.element.mastery,active,"{""elementalDamagePct"":3.78}","{""elementalDamagePct"":3.78}","[""line.element.mastery.8""]","[""line.element.mastery.7""]",[],[]
line.element.mastery.10,view.element.mastery,active,"{""elementalDamagePct"":1.89,""poisonChancePct"":2.1}","{""elementalDamagePct"":1.89,""poisonChancePct"":2.1}","[""line.element.mastery.9""]","[""line.element.mastery.8""]",[],[]
line.mana.mastery.1,view.mana.mastery,active,"{""maxMp"":8.4,""mpRegenPct"":4.2}","{""maxMp"":8.4,""mpRegenPct"":4.2}","[""line.mana.5.join""]",[],[],[]
line.mana.mastery.2,view.mana.mastery,active,"{""manaCostReductionPct"":1.58}","{""manaCostReductionPct"":1.58}","[""line.mana.mastery.1""]","[""line.mana.mastery.1""]",[],[]
line.mana.mastery.3,view.mana.mastery,active,"{""maxMp"":8.4,""mpRegenPct"":4.2}","{""maxMp"":8.4,""mpRegenPct"":4.2}","[""line.mana.mastery.2""]","[""line.mana.mastery.1""]",[],[]
line.mana.mastery.4,view.mana.mastery,active,"{""manaCostReductionPct"":1.58}","{""manaCostReductionPct"":1.58}","[""line.mana.mastery.3""]","[""line.mana.mastery.2""]",[],[]
line.mana.mastery.5,view.mana.mastery,active,"{""maxMp"":8.4,""mpRegenPct"":4.2}","{""maxMp"":8.4,""mpRegenPct"":4.2}","[""line.mana.mastery.4""]","[""line.mana.mastery.3""]",[],[]
line.mana.mastery.6,view.mana.mastery,active,"{""manaCostReductionPct"":1.58}","{""manaCostReductionPct"":1.58}","[""line.mana.mastery.5""]","[""line.mana.mastery.4""]",[],[]
line.mana.mastery.7,view.mana.mastery,active,"{""maxMp"":8.4,""mpRegenPct"":4.2}","{""maxMp"":8.4,""mpRegenPct"":4.2}","[""line.mana.mastery.6""]","[""line.mana.mastery.5""]",[],[]
line.mana.mastery.8,view.mana.mastery,active,"{""manaCostReductionPct"":1.58}","{""manaCostReductionPct"":1.58}","[""line.mana.mastery.7""]","[""line.mana.mastery.6""]",[],[]
line.mana.mastery.9,view.mana.mastery,active,"{""maxMp"":8.4,""mpRegenPct"":4.2}","{""maxMp"":8.4,""mpRegenPct"":4.2}","[""line.mana.mastery.8""]","[""line.mana.mastery.7""]",[],[]
line.mana.mastery.10,view.mana.mastery,active,"{""manaCostReductionPct"":1.58}","{""manaCostReductionPct"":1.58}","[""line.mana.mastery.9""]","[""line.mana.mastery.8""]",[],[]
line.speed.mastery.1,view.speed.mastery,active,"{""castSpeedPct"":1.68}","{""castSpeedPct"":1.68,""movementRechargePct"":0.53}","[""line.speed.5.join""]",[],[],[]
line.speed.mastery.2,view.speed.mastery,active,"{""cooldownPct"":1.05}","{""cooldownPct"":1.05}","[""line.speed.mastery.1""]","[""line.speed.mastery.1""]",[],[]
line.speed.mastery.3,view.speed.mastery,active,"{""castSpeedPct"":1.68}","{""castSpeedPct"":1.68}","[""line.speed.mastery.2""]","[""line.speed.mastery.1""]",[],[]
line.speed.mastery.4,view.speed.mastery,active,"{""cooldownPct"":1.05}","{""cooldownPct"":1.05}","[""line.speed.mastery.3""]","[""line.speed.mastery.2""]",[],[]
line.speed.mastery.5,view.speed.mastery,active,"{""castSpeedPct"":1.68}","{""castSpeedPct"":1.68}","[""line.speed.mastery.4""]","[""line.speed.mastery.3""]",[],[]
line.speed.mastery.6,view.speed.mastery,active,"{""cooldownPct"":1.05}","{""cooldownPct"":1.05}","[""line.speed.mastery.5""]","[""line.speed.mastery.4""]",[],[]
line.speed.mastery.7,view.speed.mastery,active,"{""castSpeedPct"":1.68}","{""castSpeedPct"":1.68}","[""line.speed.mastery.6""]","[""line.speed.mastery.5""]",[],[]
line.speed.mastery.8,view.speed.mastery,active,"{""cooldownPct"":1.05}","{""cooldownPct"":1.05}","[""line.speed.mastery.7""]","[""line.speed.mastery.6""]",[],[]
line.speed.mastery.9,view.speed.mastery,active,"{""castSpeedPct"":1.68}","{""castSpeedPct"":1.68}","[""line.speed.mastery.8""]","[""line.speed.mastery.7""]",[],[]
line.speed.mastery.10,view.speed.mastery,active,"{""cooldownPct"":1.05}","{""cooldownPct"":1.05}","[""line.speed.mastery.9""]","[""line.speed.mastery.8""]",[],[]
line.guardian.mastery.1,view.guardian.mastery,active,"{""maxHp"":10.5,""defense"":1.58}","{""maxHp"":10.5,""defense"":1.58}","[""line.guardian.5.join""]",[],[],[]
line.guardian.mastery.2,view.guardian.mastery,active,"{""blockChancePct"":1.05,""meleeDamagePct"":2.1}","{""blockChancePct"":1.05,""meleeDamagePct"":2.1}","[""line.guardian.mastery.1""]","[""line.guardian.mastery.1""]",[],[]
line.guardian.mastery.3,view.guardian.mastery,active,"{""maxHp"":10.5,""defense"":1.58}","{""maxHp"":10.5,""defense"":1.58}","[""line.guardian.mastery.2""]","[""line.guardian.mastery.1""]",[],[]
line.guardian.mastery.4,view.guardian.mastery,active,"{""blockChancePct"":1.05,""meleeDamagePct"":2.1}","{""blockChancePct"":1.05,""meleeDamagePct"":2.1}","[""line.guardian.mastery.3""]","[""line.guardian.mastery.2""]",[],[]
line.guardian.mastery.5,view.guardian.mastery,active,"{""maxHp"":10.5,""defense"":1.58}","{""maxHp"":10.5,""defense"":1.58}","[""line.guardian.mastery.4""]","[""line.guardian.mastery.3""]",[],[]
line.guardian.mastery.6,view.guardian.mastery,active,"{""blockChancePct"":1.05,""meleeDamagePct"":2.1}","{""blockChancePct"":1.05,""meleeDamagePct"":2.1}","[""line.guardian.mastery.5""]","[""line.guardian.mastery.4""]",[],[]
line.guardian.mastery.7,view.guardian.mastery,active,"{""maxHp"":10.5,""defense"":1.58}","{""maxHp"":10.5,""defense"":1.58}","[""line.guardian.mastery.6""]","[""line.guardian.mastery.5""]",[],[]
line.guardian.mastery.8,view.guardian.mastery,active,"{""blockChancePct"":1.05,""meleeDamagePct"":2.1}","{""blockChancePct"":1.05,""meleeDamagePct"":2.1}","[""line.guardian.mastery.7""]","[""line.guardian.mastery.6""]",[],[]
line.guardian.mastery.9,view.guardian.mastery,active,"{""maxHp"":10.5,""defense"":1.58}","{""maxHp"":10.5,""defense"":1.58}","[""line.guardian.mastery.8""]","[""line.guardian.mastery.7""]",[],[]
line.guardian.mastery.10,view.guardian.mastery,active,"{""blockChancePct"":1.05,""meleeDamagePct"":2.1}","{""blockChancePct"":1.05,""meleeDamagePct"":2.1}","[""line.guardian.mastery.9""]","[""line.guardian.mastery.8""]",[],[]
line.agility.mastery.1,view.agility.mastery,active,"{""moveSpeedPct"":1.26}","{""moveSpeedPct"":1.26}","[""line.agility.5.join""]",[],[],[]
line.agility.mastery.2,view.agility.mastery,active,"{""movementRechargePct"":1.68,""hpRegen"":0.11}","{""movementRechargePct"":1.68,""hpRegen"":0.11}","[""line.agility.mastery.1""]","[""line.agility.mastery.1""]",[],[]
line.agility.mastery.3,view.agility.mastery,active,"{""moveSpeedPct"":1.26}","{""moveSpeedPct"":1.26}","[""line.agility.mastery.2""]","[""line.agility.mastery.1""]",[],[]
line.agility.mastery.4,view.agility.mastery,active,"{""movementRechargePct"":1.68,""hpRegen"":0.11}","{""movementRechargePct"":1.68,""hpRegen"":0.11}","[""line.agility.mastery.3""]","[""line.agility.mastery.2""]",[],[]
line.agility.mastery.5,view.agility.mastery,active,"{""moveSpeedPct"":1.26}","{""moveSpeedPct"":1.26}","[""line.agility.mastery.4""]","[""line.agility.mastery.3""]",[],[]
line.agility.mastery.6,view.agility.mastery,active,"{""movementRechargePct"":1.68,""hpRegen"":0.11}","{""movementRechargePct"":1.68,""hpRegen"":0.11}","[""line.agility.mastery.5""]","[""line.agility.mastery.4""]",[],[]
line.agility.mastery.7,view.agility.mastery,active,"{""moveSpeedPct"":1.26}","{""moveSpeedPct"":1.26}","[""line.agility.mastery.6""]","[""line.agility.mastery.5""]",[],[]
line.agility.mastery.8,view.agility.mastery,active,"{""movementRechargePct"":1.68,""hpRegen"":0.11}","{""movementRechargePct"":1.68,""hpRegen"":0.11}","[""line.agility.mastery.7""]","[""line.agility.mastery.6""]",[],[]
line.agility.mastery.9,view.agility.mastery,active,"{""moveSpeedPct"":1.26}","{""moveSpeedPct"":1.26}","[""line.agility.mastery.8""]","[""line.agility.mastery.7""]",[],[]
line.agility.mastery.10,view.agility.mastery,active,"{""movementRechargePct"":1.68,""hpRegen"":0.11}","{""movementRechargePct"":1.68,""hpRegen"":0.11}","[""line.agility.mastery.9""]","[""line.agility.mastery.8""]",[],[]
line.treasure.mastery.1,view.treasure.mastery,active,"{""materialFindPct"":1.47,""projectileDamagePct"":1.05}","{""materialFindPct"":1.47}","[""line.treasure.5.join""]",[],[],[]
line.treasure.mastery.2,view.treasure.mastery,active,"{""goldFindPct"":2.1,""gearFindPct"":1.47}","{""goldFindPct"":2.1,""gearFindPct"":1.47}","[""line.treasure.mastery.1""]","[""line.treasure.mastery.1""]",[],[]
line.treasure.mastery.3,view.treasure.mastery,active,"{""materialFindPct"":1.47,""projectileDamagePct"":1.05}","{""materialFindPct"":1.47}","[""line.treasure.mastery.2""]","[""line.treasure.mastery.1""]",[],[]
line.treasure.mastery.4,view.treasure.mastery,active,"{""goldFindPct"":2.1,""gearFindPct"":1.47}","{""goldFindPct"":2.1,""gearFindPct"":1.47}","[""line.treasure.mastery.3""]","[""line.treasure.mastery.2""]",[],[]
line.treasure.mastery.5,view.treasure.mastery,active,"{""materialFindPct"":1.47,""projectileDamagePct"":1.05}","{""materialFindPct"":1.47}","[""line.treasure.mastery.4""]","[""line.treasure.mastery.3""]",[],[]
line.treasure.mastery.6,view.treasure.mastery,active,"{""goldFindPct"":2.1,""gearFindPct"":1.47}","{""goldFindPct"":2.1,""gearFindPct"":1.47}","[""line.treasure.mastery.5""]","[""line.treasure.mastery.4""]",[],[]
line.treasure.mastery.7,view.treasure.mastery,active,"{""materialFindPct"":1.47,""projectileDamagePct"":1.05}","{""materialFindPct"":1.47}","[""line.treasure.mastery.6""]","[""line.treasure.mastery.5""]",[],[]
line.treasure.mastery.8,view.treasure.mastery,active,"{""goldFindPct"":2.1,""gearFindPct"":1.47}","{""goldFindPct"":2.1,""gearFindPct"":1.47}","[""line.treasure.mastery.7""]","[""line.treasure.mastery.6""]",[],[]
line.treasure.mastery.9,view.treasure.mastery,active,"{""materialFindPct"":1.47,""projectileDamagePct"":1.05}","{""materialFindPct"":1.47}","[""line.treasure.mastery.8""]","[""line.treasure.mastery.7""]",[],[]
line.treasure.mastery.10,view.treasure.mastery,active,"{""goldFindPct"":2.1,""gearFindPct"":1.47}","{""goldFindPct"":2.1,""gearFindPct"":1.47}","[""line.treasure.mastery.9""]","[""line.treasure.mastery.8""]",[],[]
